Player,Dismissal,Runs,Balls,4s,6s,Strikerate
Aaron Johnson,c Kumar b Harmeet Singh,23,16,5,0,143.75
Navneet Dhaliwal,c Jasdeep Singh b Anderson,61,44,6,3,138.63
Pargat Singh,run out (Jasdeep Singh/†Patel),5,7,0,0,71.42
Nicholas Kirton,c Anderson b Ali Khan,51,31,3,2,164.51
Shreyas Movva †,not out,32,16,2,2,200.00
Dilpreet Bajwa,run out (Taylor/†Patel),11,5,1,1,220.00
Dilon Heyliger,not out,1,1,0,0,100.00
Aaron Johnson,c Kumar b Harmeet Singh,23,16,5,0,143.75
Navneet Dhaliwal,c Jasdeep Singh b Anderson,61,44,6,3,138.63
Pargat Singh,run out (Jasdeep Singh/†Patel),5,7,0,0,71.42
Nicholas Kirton,c Anderson b Ali Khan,51,31,3,2,164.51
Shreyas Movva †,not out,32,16,2,2,200.00
Tony Ura,c †Pooran b Shepherd,2,5,0,0,40.00
Assad Vala (c),c Chase b Joseph,21,22,2,1,95.45
Lega Siaka,b Hosein,1,2,0,0,50.00
Sese Bau,b Joseph,50,43,6,1,116.27
Hiri Hiri,c Powell b Motie,2,6,0,0,33.33
Charles Amini,c †Pooran b Russell,12,14,0,0,85.71
Kiplin Doriga †,not out,27,18,3,0,150.00
Chad Soper,b Russell,10,9,1,0,111.11
Alei Nao,run out (Joseph),0,0,0,0,-
Kabua Morea,not out,2,2,0,0,100.00
Tony Ura,c †Pooran b Shepherd,2,5,0,0,40.00
Assad Vala (c),c Chase b Joseph,21,22,2,1,95.45
Lega Siaka,b Hosein,1,2,0,0,50.00
Sese Bau,b Joseph,50,43,6,1,116.27
Hiri Hiri,c Powell b Motie,2,6,0,0,33.33
Charles Amini,c †Pooran b Russell,12,14,0,0,85.71
Kiplin Doriga †,not out,27,18,3,0,150.00
Kashyap Prajapati,lbw b Trumpelmann,0,1,0,0,0.00
Naseem Khushi †,c Erasmus b Trumpelmann,6,6,1,0,100.00
Aqib Ilyas (c),lbw b Trumpelmann,0,1,0,0,0.00
Zeeshan Maqsood,lbw b Scholtz,22,20,4,0,110.00
Khalid Kail,c & b Wiese,34,39,1,1,87.17
Ayaan Khan,c Frylinck b Erasmus,15,21,0,1,71.42
Mohammad Nadeem,lbw b Erasmus,6,10,0,0,60.00
Mehran Khan,lbw b Wiese,7,8,1,0,87.50
Shakeel Ahmed,c Trumpelmann b Wiese,11,9,2,0,122.22
Kaleemullah,lbw b Trumpelmann,2,3,0,0,66.66
Bilal Khan,not out,1,1,0,0,100.00
Kashyap Prajapati,lbw b Trumpelmann,0,1,0,0,0.00
Naseem Khushi †,c Erasmus b Trumpelmann,6,6,1,0,100.00
Aqib Ilyas (c),lbw b Trumpelmann,0,1,0,0,0.00
Zeeshan Maqsood,lbw b Scholtz,22,20,4,0,110.00
Khalid Kail,c & b Wiese,34,39,1,1,87.17
Ayaan Khan,c Frylinck b Erasmus,15,21,0,1,71.42
Mohammad Nadeem,lbw b Erasmus,6,10,0,0,60.00
Mehran Khan,lbw b Wiese,7,8,1,0,87.50
Pathum Nissanka,c Klaasen b Baartman,3,8,0,0,37.50
Kusal Mendis †,c Stubbs b Nortje,19,30,1,0,63.33
Kamindu Mendis,c Hendricks b Nortje,11,15,1,0,73.33
Wanindu Hasaranga (c),st †de Kock b Maharaj,0,2,0,0,0.00
Sadeera Samarawickrama,b Maharaj,0,1,0,0,0.00
Charith Asalanka,c Hendricks b Nortje,6,9,0,0,66.66
Angelo Mathews,c Baartman b Nortje,16,16,0,2,100.00
Dasun Shanaka,b Rabada,9,10,0,1,90.00
Maheesh Theekshana,not out,7,16,1,0,43.75
Matheesha Pathirana,c Markram b Rabada,0,4,0,0,0.00
Nuwan Thushara,run out (Nortje/Jansen),0,4,0,0,0.00
Pathum Nissanka,c Klaasen b Baartman,3,8,0,0,37.50
Kusal Mendis †,c Stubbs b Nortje,19,30,1,0,63.33
Kamindu Mendis,c Hendricks b Nortje,11,15,1,0,73.33
Wanindu Hasaranga (c),st †de Kock b Maharaj,0,2,0,0,0.00
Sadeera Samarawickrama,b Maharaj,0,1,0,0,0.00
Charith Asalanka,c Hendricks b Nortje,6,9,0,0,66.66
Rahmanullah Gurbaz †,c Riazat Ali Shah b Ramjani,76,45,4,4,168.88
Ibrahim Zadran,b Masaba,70,46,9,1,152.17
Najibullah Zadran,c Nakrani b Masaba,2,3,0,0,66.66
Mohammad Nabi,not out,14,16,0,0,87.50
Gulbadin Naib,c Masaba b Kyewuta,4,5,0,0,80.00
Azmatullah Omarzai,c Ramjani b Kyewuta,5,5,0,0,100.00
Rashid Khan (c),not out,2,1,0,0,200.00
Rahmanullah Gurbaz †,c Riazat Ali Shah b Ramjani,76,45,4,4,168.88
Ibrahim Zadran,b Masaba,70,46,9,1,152.17
Najibullah Zadran,c Nakrani b Masaba,2,3,0,0,66.66
Mohammad Nabi,not out,14,16,0,0,87.50
Gulbadin Naib,c Masaba b Kyewuta,4,5,0,0,80.00
Azmatullah Omarzai,c Ramjani b Kyewuta,5,5,0,0,100.00
Rashid Khan (c),not out,2,1,0,0,200.00
Total,20 Ov (RR: 9.15),183/5,,4,2,132.25
George Munsey,not out,41,31,4,2,150.00
Michael Jones,not out,45,30,4,2,132.25
George Munsey,not out,41,31,4,2,150.00
Michael Jones,not out,45,30,1,0,70.00
Total,10 Ov (RR: 9.00),90/0,,1,0,50.00
Kushal Bhurtel,lbw b van Beek,7,10,2,0,91.66
Aasif Sheikh †,c Kingma b Pringle,4,8,5,0,94.59
Anil Sah,c van Beek b Pringle,11,12,1,0,100.00
Rohit Paudel (c),c O'Dowd b Pringle,35,37,0,0,16.66
Kushal Malla,c O'Dowd b van Meekeren,9,9,0,0,0.00
Dipendra Singh Airee,c van Beek b de Leede,1,6,0,1,93.33
Sompal Kami,b van Meekeren,0,5,0,2,141.66
Gulsan Jha,b van Beek,14,15,0,0,0.00
Karan KC,c Kingma b de Leede,17,12,0,0,0.00
Sagar Dhakal,not out,0,1,1,0,70.00
Abinash Bohara,c & b van Beek,0,1,1,0,50.00
Kushal Bhurtel,lbw b van Beek,7,10,2,0,91.66
Aasif Sheikh †,c Kingma b Pringle,4,8,5,0,94.59
Anil Sah,c van Beek b Pringle,11,12,1,0,100.00
Rohit Paudel (c),c O'Dowd b Pringle,35,37,0,0,16.66
Kushal Malla,c O'Dowd b van Meekeren,9,9,1,0,50.00
Dipendra Singh Airee,c van Beek b de Leede,1,6,0,0,33.33
Andy Balbirnie,b Arshdeep Singh,5,10,2,0,76.92
Paul Stirling (c),c †Pant b Arshdeep Singh,2,6,0,0,25.00
Lorcan Tucker †,b Pandya,10,13,1,1,150.00
Harry Tector,c Kohli b Bumrah,4,16,0,0,60.00
Curtis Campher,c †Pant b Pandya,12,8,2,2,185.71
George Dockrell,c Bumrah b Mohammed Siraj,3,5,0,0,150.00
Gareth Delany,run out (Mohammed Siraj/†Pant),26,14,0,0,0.00
Mark Adair,c Dube b Pandya,3,2,2,0,107.69
Barry McCarthy,c & b Patel,0,6,0,0,50.00
Josh Little,b Bumrah,14,13,1,0,50.00
Ben White,not out,2,4,0,0,33.33
Andy Balbirnie,b Arshdeep Singh,5,10,2,0,76.92
Paul Stirling (c),c †Pant b Arshdeep Singh,2,6,0,0,25.00
Lorcan Tucker †,b Pandya,10,13,1,1,150.00
Harry Tector,c Kohli b Bumrah,4,16,0,0,0.00
Curtis Campher,c †Pant b Pandya,12,8,0,0,33.33
Assad Vala (c),lbw b Ramjani,0,2,1,0,55.55
Tony Ura,c Mukasa b Kyewuta,2,6,1,0,70.58
Sese Bau,c Mukasa b Miyagi,5,9,2,0,78.94
Lega Siaka,run out (Kyewuta/†Ssesazi),12,17,0,0,35.71
Hiri Hiri,lbw b Nsubuga,15,19,0,1,60.00
Charles Amini,b Nsubuga,5,14,0,0,36.36
Kiplin Doriga †,lbw b Ramjani,12,20,0,0,50.00
Chad Soper,b Masaba,4,11,0,0,83.33
Norman Vanua,c †Ssesazi b Kyewuta,5,10,0,0,0.00
Alei Nao,b Miyagi,5,6,0,0,0.00
John Kariko,not out,0,2,0,0,33.33
Assad Vala (c),lbw b Ramjani,0,2,1,0,55.55
Tony Ura,c Mukasa b Kyewuta,2,6,1,0,70.58
Sese Bau,c Mukasa b Miyagi,5,9,2,0,78.94
Lega Siaka,run out (Kyewuta/†Ssesazi),12,17,0,0,35.71
Hiri Hiri,lbw b Nsubuga,15,19,0,1,60.00
Charles Amini,b Nsubuga,5,14,0,0,36.36
Kiplin Doriga †,lbw b Ramjani,12,20,0,0,50.00
Chad Soper,b Masaba,4,11,6,1,109.80
Norman Vanua,c †Ssesazi b Kyewuta,5,10,2,0,120.00
David Warner,c Shoaib Khan b Kaleemullah,56,51,2,0,66.66
Travis Head,c Khalid Kail b Bilal Khan,12,10,0,0,0.00
Mitchell Marsh (c),c Shoaib Khan b Mehran Khan,14,21,2,6,186.11
Glenn Maxwell,c Aqib Ilyas b Mehran Khan,0,1,2,0,225.00
Marcus Stoinis,not out,67,36,6,1,109.80
Tim David,run out (Ayaan Khan/†Athavale),9,4,2,0,120.00
David Warner,c Shoaib Khan b Kaleemullah,56,51,2,0,66.66
Travis Head,c Khalid Kail b Bilal Khan,12,10,0,0,0.00
Mitchell Marsh (c),c Shoaib Khan b Mehran Khan,14,21,2,6,186.11
Glenn Maxwell,c Aqib Ilyas b Mehran Khan,0,1,2,0,225.00
Marcus Stoinis,not out,67,36,0,1,112.50
Tim David,run out (Ayaan Khan/†Athavale),9,4,3,2,102.32
Total,20 Ov (RR: 8.20),164/5,,0,0,100.00
Mohammad Rizwan,c Taylor b Netravalkar,9,8,0,1,157.14
Babar Azam (c),lbw b Jasdeep Singh,44,43,1,3,160.00
Usman Khan,c Kumar b Kenjige,3,3,0,0,0.00
Fakhar Zaman,c Taylor b Ali Khan,11,7,3,0,128.57
Shadab Khan,c Netravalkar b Kenjige,40,25,1,2,143.75
Azam Khan †,lbw b Kenjige,0,1,0,0,100.00
Iftikhar Ahmed,lbw b Netravalkar,18,14,0,1,112.50
Shaheen Shah Afridi,not out,23,16,3,2,102.32
Haris Rauf,not out,3,3,0,0,100.00
Mohammad Rizwan,c Taylor b Netravalkar,9,8,0,1,157.14
Babar Azam (c),lbw b Jasdeep Singh,44,43,1,3,160.00
Usman Khan,c Kumar b Kenjige,3,3,0,0,0.00
Fakhar Zaman,c Taylor b Ali Khan,11,7,4,0,166.66
Shadab Khan,c Netravalkar b Kenjige,40,25,2,0,85.71
JP Kotze,c McMullen b Wheal,0,3,5,2,167.74
Nikolaas Davin,c Currie b Sole,20,12,0,0,25.00
Jan Frylinck,b Currie,12,14,1,1,103.70
Gerhard Erasmus (c),st †Cross b Leask,52,31,0,1,107.69
Malan Kruger,c Jones b Greaves,2,8,0,0,50.00
Zane Green †,c Jones b Wheal,28,27,0,1,137.50
David Wiese,c Watt b Wheal,14,13,0,0,150.00
Ruben Trumpelmann,c Wheal b Currie,1,2,0,0,-
JJ Smit,run out (Jones/Wheal),11,8,0,0,0.00
Bernard Scholtz,not out,6,4,4,0,166.66
Tangeni Lungameni,not out,0,0,2,0,85.71
JP Kotze,c McMullen b Wheal,0,3,5,2,167.74
Nikolaas Davin,c Currie b Sole,20,12,0,0,25.00
Jan Frylinck,b Currie,12,14,1,1,103.70
Gerhard Erasmus (c),st †Cross b Leask,52,31,0,1,107.69
Malan Kruger,c Jones b Greaves,2,8,3,0,107.69
Zane Green †,c Jones b Wheal,28,27,1,0,60.00
David Wiese,c Watt b Wheal,14,13,2,0,128.57
Aaron Johnson,c Campher b Young,14,13,1,0,77.77
Navneet Dhaliwal,c Dockrell b Adair,6,10,3,2,140.00
Pargat Singh,c Little b Young,18,14,3,0,102.77
Dilpreet Bajwa,c & b Delany,7,9,0,0,0.00
Nicholas Kirton,c Balbirnie b McCarthy,49,35,0,0,100.00
Shreyas Movva †,run out (McCarthy/†Tucker),37,36,3,0,107.69
Dilon Heyliger,c Little b McCarthy,0,2,1,0,60.00
Saad Bin Zafar (c),not out,1,1,2,0,128.57
Aaron Johnson,c Campher b Young,14,13,1,0,77.77
Navneet Dhaliwal,c Dockrell b Adair,6,10,3,2,140.00
Pargat Singh,c Little b Young,18,14,3,0,102.77
Dilpreet Bajwa,c & b Delany,7,9,0,0,0.00
Nicholas Kirton,c Balbirnie b McCarthy,49,35,0,0,100.00
Shreyas Movva †,run out (McCarthy/†Tucker),37,36,5,5,142.85
Dilon Heyliger,c Little b McCarthy,0,2,3,2,107.31
Saad Bin Zafar (c),not out,1,1,1,2,169.23
Total,20 Ov (RR: 6.85),137/7,,0,0,0.00
Rahmanullah Gurbaz †,b Boult,80,56,1,0,120.00
Ibrahim Zadran,b Henry,44,41,0,0,100.00
Azmatullah Omarzai,c Ferguson b Henry,22,13,0,0,0.00
Mohammad Nabi,c Williamson b Ferguson,0,1,0,0,100.00
Rashid Khan (c),run out (†Conway/Boult),6,5,5,5,142.85
Karim Janat,not out,1,1,3,2,107.31
Gulbadin Naib,c Phillips b Boult,0,2,1,2,169.23
Najibullah Zadran,not out,1,1,0,0,0.00
Rahmanullah Gurbaz †,b Boult,80,56,1,0,120.00
Ibrahim Zadran,b Henry,44,41,0,0,100.00
Azmatullah Omarzai,c Ferguson b Henry,22,13,0,0,0.00
Mohammad Nabi,c Williamson b Ferguson,0,1,0,0,100.00
Rashid Khan (c),run out (†Conway/Boult),6,5,7,1,167.85
Karim Janat,not out,1,1,2,0,125.00
Gulbadin Naib,c Phillips b Boult,0,2,1,0,80.00
Najibullah Zadran,not out,1,1,1,0,80.76
Total,20 Ov (RR: 7.95),159/6,,0,1,90.47
Pathum Nissanka,c Najmul Hossain Shanto b Mustafizur Rahman,47,28,0,0,0.00
Kusal Mendis †,b Taskin Ahmed,10,8,1,0,84.21
Kamindu Mendis,c Tanzim Hasan Sakib b Mustafizur Rahman,4,5,0,0,42.85
Dhananjaya de Silva,st †Litton Das b Rishad Hossain,21,26,0,0,0.00
Charith Asalanka,c Shakib Al Hasan b Rishad Hossain,19,21,0,0,0.00
Wanindu Hasaranga (c),c Soumya Sarkar b Rishad Hossain,0,1,0,0,0.00
Angelo Mathews,c Mustafizur Rahman b Tanzim Hasan Sakib,16,19,7,1,167.85
Dasun Shanaka,c †Litton Das b Taskin Ahmed,3,7,2,0,125.00
Maheesh Theekshana,c Tanzim Hasan Sakib b Mustafizur Rahman,0,3,1,0,80.00
Matheesha Pathirana,not out,0,1,1,0,80.76
Nuwan Thushara,not out,0,1,0,1,90.47
Pathum Nissanka,c Najmul Hossain Shanto b Mustafizur Rahman,47,28,0,0,0.00
Kusal Mendis †,b Taskin Ahmed,10,8,1,0,84.21
Kamindu Mendis,c Tanzim Hasan Sakib b Mustafizur Rahman,4,5,0,0,42.85
Dhananjaya de Silva,st †Litton Das b Rishad Hossain,21,26,0,0,0.00
Charith Asalanka,c Shakib Al Hasan b Rishad Hossain,19,21,0,0,0.00
Wanindu Hasaranga (c),c Soumya Sarkar b Rishad Hossain,0,1,0,0,0.00
Angelo Mathews,c Mustafizur Rahman b Tanzim Hasan Sakib,16,19,0,0,33.33
Dasun Shanaka,c †Litton Das b Taskin Ahmed,3,7,1,0,70.58
Maheesh Theekshana,c Tanzim Hasan Sakib b Mustafizur Rahman,0,3,2,1,88.88
Matheesha Pathirana,not out,0,1,0,0,37.50
Michael Levitt,c †de Kock b Jansen,0,3,0,1,111.11
Max O'Dowd,c Jansen b Baartman,2,6,0,0,0.00
Vikramjit Singh,b Jansen,12,17,3,0,104.54
Sybrand Engelbrecht,c Jansen b Baartman,40,45,0,0,0.00
Bas de Leede,c Miller b Nortje,6,16,0,0,100.00
Scott Edwards (c)†,run out (Markram),10,9,0,0,0.00
Teja Nidamanuru,c Klaasen b Nortje,0,1,0,0,33.33
Logan van Beek,c Nortje b Baartman,23,22,1,0,70.58
Tim Pringle,c Markram b Baartman,0,2,2,1,88.88
Paul van Meekeren,not out,1,1,0,0,37.50
Michael Levitt,c †de Kock b Jansen,0,3,0,1,111.11
Max O'Dowd,c Jansen b Baartman,2,6,0,0,0.00
Vikramjit Singh,b Jansen,12,17,3,0,104.54
Sybrand Engelbrecht,c Jansen b Baartman,40,45,2,3,188.88
Bas de Leede,c Miller b Nortje,6,16,2,4,243.75
Scott Edwards (c)†,run out (Markram),10,9,2,2,140.00
Teja Nidamanuru,c Klaasen b Nortje,0,1,3,1,112.00
Logan van Beek,c Nortje b Baartman,23,22,2,2,176.47
Travis Head,b Archer,34,18,0,1,137.50
David Warner,b Ali,39,16,3,0,170.00
Mitchell Marsh (c),st †Buttler b Livingstone,35,25,0,0,0.00
Glenn Maxwell,c Salt b Rashid,28,25,0,0,-
Marcus Stoinis,c Brook b Jordan,30,17,2,3,188.88
Tim David,c Livingstone b Jordan,11,8,2,4,243.75
Matthew Wade †,not out,17,10,2,2,140.00
Pat Cummins,run out (†Buttler/Jordan),0,1,3,1,112.00
Mitchell Starc,not out,0,0,2,2,176.47
Travis Head,b Archer,34,18,0,1,137.50
David Warner,b Ali,39,16,3,0,170.00
Mitchell Marsh (c),st †Buttler b Livingstone,35,25,0,0,0.00
Glenn Maxwell,c Salt b Rashid,28,25,2,0,162.50
Marcus Stoinis,c Brook b Jordan,30,17,4,2,104.76
Tim David,c Livingstone b Jordan,11,8,0,3,129.41
Matthew Wade †,not out,17,10,1,1,127.77
Pat Cummins,run out (†Buttler/Jordan),0,1,2,1,137.50
Brandon King,b Ramjani,13,8,6,0,176.47
Johnson Charles,c Ramjani b Nakrani,44,42,0,0,100.00
Nicholas Pooran †,c & b Masaba,22,17,2,0,162.50
Rovman Powell (c),c Obuya b Masaba,23,18,4,2,104.76
Sherfane Rutherford,b Kyewuta,22,16,0,3,129.41
Andre Russell,not out,30,17,1,1,127.77
Romario Shepherd,not out,5,5,2,1,137.50
Brandon King,b Ramjani,13,8,6,0,176.47
Johnson Charles,c Ramjani b Nakrani,44,42,0,0,100.00
Nicholas Pooran †,c & b Masaba,22,17,1,1,108.33
Rovman Powell (c),c Obuya b Masaba,23,18,1,0,133.33
Sherfane Rutherford,b Kyewuta,22,16,6,0,135.48
Andre Russell,not out,30,17,2,1,111.11
Romario Shepherd,not out,5,5,1,0,87.50
Total,20 Ov (RR: 8.65),173/5,,0,0,33.33
Rohit Sharma (c),c Haris Rauf b Shaheen Shah Afridi,13,12,1,0,58.33
Virat Kohli,c Usman Khan b Naseem Shah,4,3,0,0,0.00
Rishabh Pant †,c Babar Azam b Mohammad Amir,42,31,1,0,69.23
Axar Patel,b Naseem Shah,20,18,0,0,0.00
Suryakumar Yadav,c Mohammad Amir b Haris Rauf,7,8,0,0,100.00
Shivam Dube,c & b Naseem Shah,3,9,1,1,108.33
Hardik Pandya,c Iftikhar Ahmed b Haris Rauf,7,12,1,0,133.33
Ravindra Jadeja,c Imad Wasim b Mohammad Amir,0,1,6,0,135.48
Arshdeep Singh,run out (Babar Azam/†Mohammad Rizwan),9,13,2,1,111.11
Jasprit Bumrah,c Imad Wasim b Haris Rauf,0,1,1,0,87.50
Mohammed Siraj,not out,7,7,0,0,33.33
Rohit Sharma (c),c Haris Rauf b Shaheen Shah Afridi,13,12,1,0,58.33
Virat Kohli,c Usman Khan b Naseem Shah,4,3,0,0,0.00
Rishabh Pant †,c Babar Azam b Mohammad Amir,42,31,1,0,69.23
Axar Patel,b Naseem Shah,20,18,5,2,135.00
Suryakumar Yadav,c Mohammad Amir b Haris Rauf,7,8,0,1,111.11
Shivam Dube,c & b Naseem Shah,3,9,2,1,266.66
Hardik Pandya,c Iftikhar Ahmed b Haris Rauf,7,12,0,0,75.00
Ravindra Jadeja,c Imad Wasim b Mohammad Amir,0,1,0,0,71.42
Arshdeep Singh,run out (Babar Azam/†Mohammad Rizwan),9,13,4,0,105.12
Pratik Athavale †,c McMullen b Greaves,54,40,2,0,130.00
Naseem Khushi,c Watt b Sole,10,9,0,0,0.00
Aqib Ilyas (c),lbw b Sharif,16,6,0,0,150.00
Zeeshan Maqsood,c †Cross b Watt,3,4,5,2,135.00
Khalid Kail,run out (Sole/Watt),5,7,0,1,111.11
Ayaan Khan,not out,41,39,2,1,266.66
Mehran Khan,c †Cross b Sharif,13,10,0,0,75.00
Rafiullah,c Sharif b Wheal,0,3,0,0,71.42
Shakeel Ahmed,not out,3,2,1,2,163.63
Pratik Athavale †,c McMullen b Greaves,54,40,0,0,0.00
Naseem Khushi,c Watt b Sole,10,9,1,0,50.00
Aqib Ilyas (c),lbw b Sharif,16,6,0,0,0.00
Zeeshan Maqsood,c †Cross b Watt,3,4,2,3,104.54
Khalid Kail,run out (Sole/Watt),5,7,1,1,76.31
Quinton de Kock †,b Tanzim Hasan Sakib,18,11,0,0,100.00
Reeza Hendricks,lbw b Tanzim Hasan Sakib,0,1,0,0,50.00
Aiden Markram (c),b Taskin Ahmed,4,8,1,2,163.63
Tristan Stubbs,c Shakib Al Hasan b Tanzim Hasan Sakib,0,5,0,0,0.00
Heinrich Klaasen,b Taskin Ahmed,46,44,1,0,50.00
David Miller,b Rishad Hossain,29,38,0,0,0.00
Marco Jansen,not out,5,5,2,3,104.54
Keshav Maharaj,not out,4,8,1,1,76.31
Quinton de Kock †,b Tanzim Hasan Sakib,18,11,0,0,100.00
Reeza Hendricks,lbw b Tanzim Hasan Sakib,0,1,0,0,50.00
Aiden Markram (c),b Taskin Ahmed,4,8,4,4,118.18
Tristan Stubbs,c Shakib Al Hasan b Tanzim Hasan Sakib,0,5,1,0,57.14
Heinrich Klaasen,b Taskin Ahmed,46,44,0,0,33.33
David Miller,b Rishad Hossain,29,38,0,0,16.66
Marco Jansen,not out,5,5,0,0,22.22
Keshav Maharaj,not out,4,8,0,0,0.00
Total,20 Ov (RR: 5.65),113/6,,1,0,47.61
Aaron Johnson,b Naseem Shah,52,44,0,1,92.85
Navneet Dhaliwal,b Mohammad Amir,4,7,1,0,81.81
Pargat Singh,c Fakhar Zaman b Shaheen Shah Afridi,2,6,4,4,118.18
Nicholas Kirton,run out (Imad Wasim),1,6,1,0,57.14
Shreyas Movva †,c †Mohammad Rizwan b Haris Rauf,2,9,0,0,33.33
Ravinderpal Singh,c Fakhar Zaman b Haris Rauf,0,2,0,0,16.66
Saad Bin Zafar (c),c †Mohammad Rizwan b Mohammad Amir,10,21,0,0,22.22
Kaleem Sana,not out,13,14,4,4,118.18
Dilon Heyliger,not out,9,11,1,0,57.14
Aaron Johnson,b Naseem Shah,52,44,0,0,33.33
Navneet Dhaliwal,b Mohammad Amir,4,7,0,0,16.66
Pargat Singh,c Fakhar Zaman b Shaheen Shah Afridi,2,6,0,0,22.22
Nicholas Kirton,run out (Imad Wasim),1,6,0,0,0.00
Shreyas Movva †,c †Mohammad Rizwan b Haris Rauf,2,9,1,0,47.61
Aaron Johnson,b Naseem Shah,52,44,0,1,92.85
Navneet Dhaliwal,b Mohammad Amir,4,7,1,0,81.81
Pargat Singh,c Fakhar Zaman b Shaheen Shah Afridi,2,6,4,4,118.18
Nicholas Kirton,run out (Imad Wasim),1,6,1,0,57.14
Shreyas Movva †,c †Mohammad Rizwan b Haris Rauf,2,9,0,0,33.33
Ravinderpal Singh,c Fakhar Zaman b Haris Rauf,0,2,0,0,16.66
Saad Bin Zafar (c),c †Mohammad Rizwan b Mohammad Amir,10,21,0,0,22.22
Kaleem Sana,not out,13,14,2,0,100.00
Dilon Heyliger,not out,9,11,0,0,28.57
Aaron Johnson,b Naseem Shah,52,44,0,0,16.66
Navneet Dhaliwal,b Mohammad Amir,4,7,4,1,83.72
Pargat Singh,c Fakhar Zaman b Shaheen Shah Afridi,2,6,0,0,33.33
Nicholas Kirton,run out (Imad Wasim),1,6,0,0,25.00
Shreyas Movva †,c †Mohammad Rizwan b Haris Rauf,2,9,0,0,14.28
Michael van Lingen,c Maxwell b Hazlewood,10,10,0,1,100.00
Nikolaas Davin,c Maxwell b Hazlewood,2,7,0,0,0.00
Jan Frylinck,c Marsh b Cummins,1,6,0,0,66.66
Gerhard Erasmus (c),c Maxwell b Stoinis,36,43,0,0,0.00
JJ Smit,lbw b Ellis,3,9,2,0,100.00
Zane Green †,lbw b Zampa,1,4,0,0,28.57
David Wiese,c Hazlewood b Zampa,1,7,0,0,16.66
Ruben Trumpelmann,c Maxwell b Zampa,7,7,0,0,0.00
Bernard Scholtz,b Zampa,0,2,0,2,80.00
Jack Brassell,not out,2,3,0,0,40.00
Ben Shikongo,c David b Stoinis,0,4,0,1,50.00
Michael van Lingen,c Maxwell b Hazlewood,10,10,2,1,117.39
Nikolaas Davin,c Maxwell b Hazlewood,2,7,1,1,125.00
Jan Frylinck,c Marsh b Cummins,1,6,0,1,100.00
Shayan Jahangir,lbw b Arshdeep Singh,0,1,1,0,110.00
Steven Taylor,b Patel,24,30,0,0,28.57
Andries Gous †,c Pandya b Arshdeep Singh,2,5,0,0,0.00
Aaron Jones (c),c Mohammed Siraj b Pandya,11,22,0,2,80.00
Nitish Kumar,c Mohammed Siraj b Arshdeep Singh,27,23,0,0,40.00
Corey Anderson,c †Pant b Pandya,15,12,0,1,50.00
Harmeet Singh,c †Pant b Arshdeep Singh,10,10,2,1,117.39
Shadley van Schalkwyk,not out,11,10,0,1,75.00
Jasdeep Singh,run out (†Pant/Mohammed Siraj),2,7,0,0,0.00
Shayan Jahangir,lbw b Arshdeep Singh,0,1,3,0,141.66
Steven Taylor,b Patel,24,30,0,0,0.00
Andries Gous †,c Pandya b Arshdeep Singh,2,5,0,0,20.00
Aaron Jones (c),c Mohammed Siraj b Pandya,11,22,2,6,174.35
Nitish Kumar,c Mohammed Siraj b Arshdeep Singh,27,23,0,1,88.23
Brandon King,c †Conway b Neesham,9,12,2,1,200.00
Johnson Charles,b Boult,0,5,0,1,100.00
Nicholas Pooran †,c †Conway b Southee,17,12,1,0,100.00
Roston Chase,c Ravindra b Ferguson,0,3,0,0,0.00
Rovman Powell (c),c †Conway b Southee,1,5,0,1,75.00
Sherfane Rutherford,not out,68,39,0,0,0.00
Akeal Hosein,c Neesham b Santner,15,17,3,0,141.66
Andre Russell,c Ferguson b Boult,14,7,0,0,0.00
Romario Shepherd,lbw b Ferguson,13,13,0,0,20.00
Alzarri Joseph,b Boult,6,6,2,6,174.35
Gudakesh Motie,not out,0,1,0,1,88.23
Brandon King,c †Conway b Neesham,9,12,2,1,200.00
Johnson Charles,b Boult,0,5,0,1,100.00
Nicholas Pooran †,c †Conway b Southee,17,12,1,0,100.00
Roston Chase,c Ravindra b Ferguson,0,3,0,0,0.00
Rovman Powell (c),c †Conway b Southee,1,5,5,1,134.61
Sherfane Rutherford,not out,68,39,0,0,33.33
Akeal Hosein,c Neesham b Santner,15,17,0,0,50.00
Andre Russell,c Ferguson b Boult,14,7,9,0,139.13
Romario Shepherd,lbw b Ferguson,13,13,0,0,60.00
Alzarri Joseph,b Boult,6,6,2,2,119.04
Gudakesh Motie,not out,0,1,3,0,200.00
Tanzid Hasan,c de Leede b van Meekeren,35,26,5,1,134.61
Najmul Hossain Shanto (c),c Vikramjit Singh b Dutt,1,3,0,0,33.33
Litton Das †,c Engelbrecht b Dutt,1,2,0,0,50.00
Shakib Al Hasan,not out,64,46,9,0,139.13
Towhid Hridoy,b Pringle,9,15,0,0,60.00
Mahmudullah,c Engelbrecht b van Meekeren,25,21,2,2,119.04
Jaker Ali,not out,14,7,3,0,200.00
Tanzid Hasan,c de Leede b van Meekeren,35,26,1,0,166.66
Najmul Hossain Shanto (c),c Vikramjit Singh b Dutt,1,3,0,1,56.25
Litton Das †,c Engelbrecht b Dutt,1,2,1,0,80.00
Shakib Al Hasan,not out,64,46,0,0,20.00
Towhid Hridoy,b Pringle,9,15,0,0,33.33
Mahmudullah,c Engelbrecht b van Meekeren,25,21,0,0,20.00
Jaker Ali,not out,14,7,1,0,47.82
Total,20 Ov (RR: 7.95),159/5,,0,0,0.00
Pratik Athavale †,c Salt b Archer,5,3,0,0,28.57
Kashyap Prajapati,c Livingstone b Wood,9,16,1,0,100.00
Aqib Ilyas (c),c Jacks b Archer,8,10,0,0,0.00
Zeeshan Maqsood,c & b Wood,1,5,1,0,166.66
Khalid Kail,st †Buttler b Rashid,1,3,0,1,56.25
Ayaan Khan,b Wood,1,5,1,0,80.00
Shoaib Khan,c †Buttler b Archer,11,23,0,0,20.00
Mehran Khan,c Ali b Rashid,0,2,1,0,61.11
Fayyaz Butt,b Rashid,2,7,0,0,150.00
Kaleemullah,b Rashid,5,5,0,0,0.00
Bilal Khan,not out,0,1,0,0,0.00
Pratik Athavale †,c Salt b Archer,5,3,0,0,33.33
Kashyap Prajapati,c Livingstone b Wood,9,16,0,0,34.61
Aqib Ilyas (c),c Jacks b Archer,8,10,2,0,84.37
Zeeshan Maqsood,c & b Wood,1,5,0,0,0.00
Tony Ura,b Naveen-ul-Haq,11,18,2,0,68.42
Assad Vala (c),run out (Fazalhaq Farooqi/†Rahmanullah Gurbaz),3,2,1,0,57.14
Lega Siaka,c †Rahmanullah Gurbaz b Fazalhaq Farooqi,0,1,0,0,66.66
Sese Bau,c †Rahmanullah Gurbaz b Fazalhaq Farooqi,0,1,1,0,61.11
Hiri Hiri,b Naveen-ul-Haq,1,3,0,0,150.00
Chad Soper,run out (Noor Ahmad/Rashid Khan),9,26,0,0,0.00
Kiplin Doriga †,lbw b Noor Ahmad,27,32,0,0,0.00
Norman Vanua,run out (Rashid Khan),0,7,0,0,33.33
Alei Nao,c Rashid Khan b Fazalhaq Farooqi,13,19,1,0,61.11
John Kariko,not out,4,7,0,0,150.00
Semo Kamea,run out (†Rahmanullah Gurbaz),2,3,0,0,0.00
Tony Ura,b Naveen-ul-Haq,11,18,0,0,0.00
Assad Vala (c),run out (Fazalhaq Farooqi/†Rahmanullah Gurbaz),3,2,0,0,33.33
Lega Siaka,c †Rahmanullah Gurbaz b Fazalhaq Farooqi,0,1,0,0,34.61
Sese Bau,c †Rahmanullah Gurbaz b Fazalhaq Farooqi,0,1,2,0,84.37
Hiri Hiri,b Naveen-ul-Haq,1,3,0,0,0.00
Tony Ura,b Naveen-ul-Haq,11,18,2,0,68.42
Assad Vala (c),run out (Fazalhaq Farooqi/†Rahmanullah Gurbaz),3,2,1,0,57.14
Lega Siaka,c †Rahmanullah Gurbaz b Fazalhaq Farooqi,0,1,0,0,66.66
Sese Bau,c †Rahmanullah Gurbaz b Fazalhaq Farooqi,0,1,1,0,61.11
Hiri Hiri,b Naveen-ul-Haq,1,3,0,0,150.00
Chad Soper,run out (Noor Ahmad/Rashid Khan),9,26,0,0,0.00
Kiplin Doriga †,lbw b Noor Ahmad,27,32,0,0,0.00
Norman Vanua,run out (Rashid Khan),0,7,0,0,33.33
Alei Nao,c Rashid Khan b Fazalhaq Farooqi,13,19,5,1,87.75
John Kariko,not out,4,7,1,0,90.90
Semo Kamea,run out (†Rahmanullah Gurbaz),2,3,2,0,68.18
Tony Ura,b Naveen-ul-Haq,11,18,0,0,60.00
Assad Vala (c),run out (Fazalhaq Farooqi/†Rahmanullah Gurbaz),3,2,0,0,70.00
Lega Siaka,c †Rahmanullah Gurbaz b Fazalhaq Farooqi,0,1,2,1,150.00
Sese Bau,c †Rahmanullah Gurbaz b Fazalhaq Farooqi,0,1,0,0,25.00
Hiri Hiri,b Naveen-ul-Haq,1,3,0,0,0.00
Reeza Hendricks,c & b Airee,43,49,5,1,87.75
Quinton de Kock †,c & b Airee,10,11,1,0,90.90
Aiden Markram (c),b Bhurtel,15,22,2,0,68.18
Heinrich Klaasen,c Karan KC b Bhurtel,3,5,0,0,60.00
David Miller,c Lamichhane b Airee,7,10,0,0,70.00
Tristan Stubbs,not out,27,18,2,1,150.00
Marco Jansen,c Sah b Bhurtel,1,4,0,0,25.00
Kagiso Rabada,st †Aasif Sheikh b Bhurtel,0,1,0,0,0.00
Reeza Hendricks,c & b Airee,43,49,0,0,10.00
Quinton de Kock †,c & b Airee,10,11,0,0,0.00
Aiden Markram (c),b Bhurtel,15,22,0,0,0.00
Heinrich Klaasen,c Karan KC b Bhurtel,3,5,0,0,0.00
David Miller,c Lamichhane b Airee,7,10,2,0,61.11
Tristan Stubbs,not out,27,18,0,0,15.38
Marco Jansen,c Sah b Bhurtel,1,4,0,0,30.76
Kagiso Rabada,st †Aasif Sheikh b Bhurtel,0,1,0,0,15.00
Ronak Patel,c †Conway b Santner,2,20,1,0,69.23
Simon Ssesazi †,lbw b Boult,0,1,0,0,0.00
Robinson Obuya,b Boult,0,1,0,0,16.66
Alpesh Ramjani,lbw b Southee,0,6,0,0,10.00
Kenneth Waiswa,b Ferguson,11,18,0,0,0.00
Riazat Ali Shah,c †Conway b Ravindra,2,13,0,0,0.00
Dinesh Nakrani,c Phillips b Ravindra,4,13,0,0,10.00
Brian Masaba (c),not out,3,20,0,0,0.00
Fred Achelam,lbw b Southee,9,13,0,0,0.00
Juma Miyagi,lbw b Southee,0,1,0,0,0.00
Cosmas Kyewuta,c Mitchell b Santner,1,6,2,0,61.11
Ronak Patel,c †Conway b Santner,2,20,0,0,15.38
Simon Ssesazi †,lbw b Boult,0,1,0,0,30.76
Robinson Obuya,b Boult,0,1,0,0,15.00
Ronak Patel,c †Conway b Santner,2,20,1,0,69.23
Simon Ssesazi †,lbw b Boult,0,1,0,0,0.00
Robinson Obuya,b Boult,0,1,0,0,16.66
Alpesh Ramjani,lbw b Southee,0,6,0,0,10.00
Kenneth Waiswa,b Ferguson,11,18,0,0,0.00
Riazat Ali Shah,c †Conway b Ravindra,2,13,0,0,0.00
Dinesh Nakrani,c Phillips b Ravindra,4,13,2,0,137.50
Brian Masaba (c),not out,3,20,0,0,0.00
Fred Achelam,lbw b Southee,9,13,3,2,172.22
Juma Miyagi,lbw b Southee,0,1,4,2,235.00
Cosmas Kyewuta,c Mitchell b Santner,1,6,0,2,266.66
Ronak Patel,c †Conway b Santner,2,20,0,2,325.00
Simon Ssesazi †,lbw b Boult,0,1,2,0,137.50
Robinson Obuya,b Boult,0,1,0,0,0.00
Phil Salt,c †Green b Wiese,11,8,3,2,172.22
Jos Buttler (c)†,b Trumpelmann,0,4,4,2,235.00
Jonny Bairstow,c †Green b Scholtz,31,18,0,2,266.66
Harry Brook,not out,47,20,2,3,152.17
Moeen Ali,c Davin b Trumpelmann,16,6,0,0,66.66
Liam Livingstone,run out (Trumpelmann/†Green),13,4,2,6,176.47
Phil Salt,c †Green b Wiese,11,8,1,2,135.48
Jos Buttler (c)†,b Trumpelmann,0,4,1,1,163.63
Jonny Bairstow,c †Green b Scholtz,31,18,0,0,62.50
Harry Brook,not out,47,20,0,0,90.00
Moeen Ali,c Davin b Trumpelmann,16,6,2,3,152.17
George Munsey,c Ellis b Maxwell,35,23,0,0,66.66
Michael Jones,b Agar,2,3,2,6,176.47
Brandon McMullen,c Starc b Zampa,60,34,1,2,135.48
Richie Berrington (c),not out,42,31,1,1,163.63
Matthew Cross †,c Agar b Maxwell,18,11,0,0,62.50
Michael Leask,c Starc b Ellis,5,8,0,0,90.00
Chris Greaves,not out,9,10,0,0,0.00
George Munsey,c Ellis b Maxwell,35,23,0,0,50.00
Michael Jones,b Agar,2,3,0,0,100.00
Brandon McMullen,c Starc b Zampa,60,34,0,0,0.00
Richie Berrington (c),not out,42,31,1,0,50.00
Matthew Cross †,c Agar b Maxwell,18,11,2,0,110.00
Michael Leask,c Starc b Ellis,5,8,1,3,163.15
Chris Greaves,not out,9,10,2,0,78.94
Andy Balbirnie,b Shaheen Shah Afridi,0,3,0,0,28.57
Paul Stirling (c),c †Mohammad Rizwan b Mohammad Amir,1,2,2,1,122.22
Lorcan Tucker †,c †Mohammad Rizwan b Shaheen Shah Afridi,2,2,0,0,25.00
Harry Tector,lbw b Shaheen Shah Afridi,0,6,0,0,0.00
Curtis Campher,c Saim Ayub b Haris Rauf,7,14,0,0,50.00
George Dockrell,c & b Mohammad Amir,11,10,0,0,100.00
Gareth Delany,c Shadab Khan b Imad Wasim,31,19,0,0,0.00
Mark Adair,c Shaheen Shah Afridi b Imad Wasim,15,19,1,0,50.00
Barry McCarthy,b Imad Wasim,2,7,2,0,110.00
Josh Little,not out,22,18,1,3,163.15
Ben White,not out,5,20,2,0,78.94
Andy Balbirnie,b Shaheen Shah Afridi,0,3,0,0,28.57
Paul Stirling (c),c †Mohammad Rizwan b Mohammad Amir,1,2,0,0,0.00
Lorcan Tucker †,c †Mohammad Rizwan b Shaheen Shah Afridi,2,2,1,0,83.33
Harry Tector,lbw b Shaheen Shah Afridi,0,6,0,0,80.00
Curtis Campher,c Saim Ayub b Haris Rauf,7,14,2,0,77.27
George Dockrell,c & b Mohammad Amir,11,10,2,0,128.57
Gareth Delany,c Shadab Khan b Imad Wasim,31,19,2,0,100.00
Mark Adair,c Shaheen Shah Afridi b Imad Wasim,15,19,0,0,46.15
Barry McCarthy,b Imad Wasim,2,7,0,0,60.00
Tanzid Hasan,c & b Sompal Kami,0,1,1,1,185.71
Litton Das †,c †Aasif Sheikh b Sompal Kami,10,12,2,0,80.00
Najmul Hossain Shanto (c),b Airee,4,5,0,0,75.00
Shakib Al Hasan,lbw b Paudel,17,22,0,0,0.00
Towhid Hridoy,c Lamichhane b Paudel,9,7,1,0,83.33
Mahmudullah,run out (Gulsan Jha/Lamichhane),13,13,0,0,80.00
Jaker Ali,b Lamichhane,12,26,2,0,77.27
Tanzim Hasan Sakib,b Lamichhane,3,5,2,0,128.57
Rishad Hossain,c Sah b Airee,13,7,2,0,100.00
Taskin Ahmed,not out,12,15,0,0,46.15
Mustafizur Rahman,run out (Paudel/Airee),3,4,0,0,60.00
Tanzid Hasan,c & b Sompal Kami,0,1,1,1,185.71
Litton Das †,c †Aasif Sheikh b Sompal Kami,10,12,2,0,80.00
Najmul Hossain Shanto (c),b Airee,4,5,0,0,75.00
Shakib Al Hasan,lbw b Paudel,17,22,0,0,0.00
Towhid Hridoy,c Lamichhane b Paudel,9,7,5,0,158.62
Mahmudullah,run out (Gulsan Jha/Lamichhane),13,13,1,1,85.00
Jaker Ali,b Lamichhane,12,26,3,1,130.76
Tanzim Hasan Sakib,b Lamichhane,3,5,1,5,219.04
Rishad Hossain,c Sah b Airee,13,7,1,2,200.00
Taskin Ahmed,not out,12,15,0,0,0.00
Mustafizur Rahman,run out (Paudel/Airee),3,4,1,2,333.33
Pathum Nissanka,c Engelbrecht b Kingma,0,2,0,0,0.00
Kusal Mendis †,c Engelbrecht b Dutt,46,29,5,0,158.62
Kamindu Mendis,c van Beek b van Meekeren,17,20,1,1,85.00
Dhananjaya de Silva,c de Leede b Pringle,34,26,3,1,130.76
Charith Asalanka,c de Leede b van Beek,46,21,1,5,219.04
Angelo Mathews,not out,30,15,1,2,200.00
Dasun Shanaka,c †Edwards b van Beek,0,1,0,0,0.00
Wanindu Hasaranga (c),not out,20,6,1,2,333.33
Pathum Nissanka,c Engelbrecht b Kingma,0,2,0,0,50.00
Kusal Mendis †,c Engelbrecht b Dutt,46,29,1,0,37.50
Kamindu Mendis,c van Beek b van Meekeren,17,20,2,0,68.00
Dhananjaya de Silva,c de Leede b Pringle,34,26,1,0,44.44
Charith Asalanka,c de Leede b van Beek,46,21,1,0,63.63
Angelo Mathews,not out,30,15,0,0,16.66
Dasun Shanaka,c †Edwards b van Beek,0,1,1,0,71.42
Wanindu Hasaranga (c),not out,20,6,1,1,107.69
Total,20 Ov (RR: 10.05),201/6,,0,0,42.85
Tony Ura,c Phillips b Southee,1,2,0,0,0.00
Assad Vala (c),c Mitchell b Ferguson,6,16,0,0,100.00
Charles Amini,lbw b Ferguson,17,25,0,0,50.00
Sese Bau,c Allen b Santner,12,27,1,0,37.50
Hiri Hiri,b Boult,7,11,2,0,68.00
Chad Soper,b Ferguson,1,6,1,0,44.44
Kiplin Doriga †,b Southee,5,7,1,0,63.63
Norman Vanua,c Mitchell b Boult,14,13,1,0,116.66
Alei Nao,c Mitchell b Sodhi,3,7,8,0,159.25
Kabua Morea,st †Conway b Sodhi,0,3,6,8,184.90
Semo Kamea,not out,1,1,0,2,147.05
Tony Ura,c Phillips b Southee,1,2,1,2,173.33
Assad Vala (c),c Mitchell b Ferguson,6,16,0,0,100.00
Charles Amini,lbw b Ferguson,17,25,0,0,100.00
Sese Bau,c Allen b Santner,12,27,1,0,116.66
Hiri Hiri,b Boult,7,11,8,0,159.25
Brandon King,b Azmatullah Omarzai,7,6,6,8,184.90
Johnson Charles,c Gulbadin Naib b Naveen-ul-Haq,43,27,0,2,147.05
Nicholas Pooran †,run out (Azmatullah Omarzai),98,53,1,2,173.33
Shai Hope,c Najibullah Zadran b Gulbadin Naib,25,17,0,0,100.00
Rovman Powell (c),c sub (Nangeyalia Kharote) b Gulbadin Naib,26,15,0,0,100.00
Andre Russell,not out,3,3,7,5,185.00
Sherfane Rutherford,not out,1,1,0,1,100.00
Brandon King,b Azmatullah Omarzai,7,6,4,1,143.75
Johnson Charles,c Gulbadin Naib b Naveen-ul-Haq,43,27,0,0,0.00
Nicholas Pooran †,run out (Azmatullah Omarzai),98,53,0,3,163.63
Shai Hope,c Najibullah Zadran b Gulbadin Naib,25,17,2,0,125.00
Rovman Powell (c),c sub (Nangeyalia Kharote) b Gulbadin Naib,26,15,7,5,185.00
Andre Russell,not out,3,3,0,1,100.00
Sherfane Rutherford,not out,1,1,4,1,143.75
Total,20 Ov (RR: 10.90),218/5,,0,0,0.00
Quinton de Kock †,c Shayan Jahangir b Harmeet Singh,74,40,0,3,163.63
Reeza Hendricks,c Anderson b Netravalkar,11,11,2,0,125.00
Aiden Markram (c),c Ali Khan b Netravalkar,46,32,3,1,176.92
David Miller,c & b Harmeet Singh,0,1,4,1,111.76
Heinrich Klaasen,not out,36,22,4,1,112.50
Tristan Stubbs,not out,20,16,0,5,211.76
Quinton de Kock †,c Shayan Jahangir b Harmeet Singh,74,40,0,0,50.00
Reeza Hendricks,c Anderson b Netravalkar,11,11,1,2,186.66
Aiden Markram (c),c Ali Khan b Netravalkar,46,32,1,0,71.42
David Miller,c & b Harmeet Singh,0,1,3,1,176.92
Heinrich Klaasen,not out,36,22,4,1,111.76
Tristan Stubbs,not out,20,16,4,1,112.50
Total,20 Ov (RR: 9.70),194/4,,0,5,211.76
Brandon King,retired hurt,23,13,1,0,61.53
Johnson Charles,c Brook b Ali,38,34,0,1,100.00
Nicholas Pooran †,c †Buttler b Archer,36,32,4,0,181.81
Rovman Powell (c),c Wood b Livingstone,36,17,5,3,189.28
Andre Russell,c Salt b Rashid,1,2,0,1,142.85
Sherfane Rutherford,not out,28,15,3,2,133.33
Romario Shepherd,not out,5,7,1,0,140.00
Brandon King,retired hurt,23,13,2,0,200.00
Johnson Charles,c Brook b Ali,38,34,0,0,100.00
Nicholas Pooran †,c †Buttler b Archer,36,32,1,0,61.53
Rovman Powell (c),c Wood b Livingstone,36,17,0,1,100.00
Rohit Sharma (c),c Rashid Khan b Fazalhaq Farooqi,8,13,4,0,181.81
Virat Kohli,c Mohammad Nabi b Rashid Khan,24,24,5,3,189.28
Rishabh Pant †,lbw b Rashid Khan,20,11,0,1,142.85
Suryakumar Yadav,c Mohammad Nabi b Fazalhaq Farooqi,53,28,3,2,133.33
Shivam Dube,lbw b Rashid Khan,10,7,1,0,140.00
Hardik Pandya,c Azmatullah Omarzai b Naveen-ul-Haq,32,24,2,0,200.00
Ravindra Jadeja,c Gulbadin Naib b Fazalhaq Farooqi,7,5,0,0,100.00
Axar Patel,run out (†Rahmanullah Gurbaz/Naveen-ul-Haq),12,6,0,0,0.00
Arshdeep Singh,not out,2,2,2,0,64.00
Rohit Sharma (c),c Rashid Khan b Fazalhaq Farooqi,8,13,5,1,113.88
Virat Kohli,c Mohammad Nabi b Rashid Khan,24,24,0,0,50.00
Rishabh Pant †,lbw b Rashid Khan,20,11,2,2,142.85
Suryakumar Yadav,c Mohammad Nabi b Fazalhaq Farooqi,53,28,0,0,80.00
Shivam Dube,lbw b Rashid Khan,10,7,0,0,66.66
Hardik Pandya,c Azmatullah Omarzai b Naveen-ul-Haq,32,24,0,0,0.00
Ravindra Jadeja,c Gulbadin Naib b Fazalhaq Farooqi,7,5,1,0,185.71
Axar Patel,run out (†Rahmanullah Gurbaz/Naveen-ul-Haq),12,6,0,0,133.33
Arshdeep Singh,not out,2,2,0,0,0.00
Total,20 Ov (RR: 9.05),181/8,,2,0,64.00
Tanzid Hasan,b Starc,0,3,5,1,113.88
Litton Das †,b Zampa,16,25,0,0,50.00
Najmul Hossain Shanto (c),lbw b Zampa,41,36,1,0,76.00
Rishad Hossain,c Zampa b Maxwell,2,4,4,4,171.05
Towhid Hridoy,c Hazlewood b Cummins,40,28,1,0,61.53
Shakib Al Hasan,c & b Stoinis,8,10,4,2,153.57
Mahmudullah,b Cummins,2,3,0,0,50.00
Mahedi Hasan,c Zampa b Cummins,0,1,1,0,109.09
Taskin Ahmed,not out,13,7,0,0,0.00
Tanzim Hasan Sakib,not out,4,3,1,0,250.00
Tanzid Hasan,b Starc,0,3,1,0,76.00
Litton Das †,b Zampa,16,25,4,4,171.05
Najmul Hossain Shanto (c),lbw b Zampa,41,36,1,0,61.53
Rishad Hossain,c Zampa b Maxwell,2,4,4,2,153.57
Reeza Hendricks,c Brook b Ali,19,25,0,0,50.00
Quinton de Kock †,c †Buttler b Archer,65,38,1,0,109.09
Heinrich Klaasen,run out (†Buttler),8,13,0,0,0.00
David Miller,c Brook b Archer,43,28,1,0,250.00
Aiden Markram (c),b Rashid,1,2,0,0,28.57
Tristan Stubbs,not out,12,11,3,1,181.25
Marco Jansen,c Curran b Archer,0,1,2,0,105.26
Keshav Maharaj,not out,5,2,0,1,100.00
Reeza Hendricks,c Brook b Ali,19,25,0,0,46.66
Quinton de Kock †,c †Buttler b Archer,65,38,1,0,90.47
Heinrich Klaasen,run out (†Buttler),8,13,0,0,0.00
David Miller,c Brook b Archer,43,28,3,0,105.88
Aiden Markram (c),b Rashid,1,2,0,0,33.33
Tristan Stubbs,not out,12,11,1,1,233.33
Marco Jansen,c Curran b Archer,0,1,0,0,0.00
Keshav Maharaj,not out,5,2,0,0,28.57
Steven Taylor,c Chase b Russell,2,7,3,1,181.25
Andries Gous †,c Hope b Joseph,29,16,2,0,105.26
Nitish Kumar,lbw b Motie,20,19,3,1,209.09
Aaron Jones (c),b Chase,11,11,1,3,132.14
Corey Anderson,lbw b Chase,7,15,4,2,150.00
Milind Kumar,run out (Motie/Russell),19,21,0,1,300.00
Harmeet Singh,c Charles b Chase,0,1,0,3,141.66
Shadley van Schalkwyk,c Charles b Russell,18,17,4,3,185.18
Nosthush Kenjige,c †Pooran b Joseph,1,3,0,0,60.00
Ali Khan,not out,14,6,3,1,209.09
Saurabh Netravalkar,c Powell b Russell,0,4,1,3,132.14
Steven Taylor,c Chase b Russell,2,7,4,2,150.00
Andries Gous †,c Hope b Joseph,29,16,0,1,300.00
Nitish Kumar,lbw b Motie,20,19,0,3,141.66
Rohit Sharma (c),c Jaker Ali b Shakib Al Hasan,23,11,4,3,185.18
Virat Kohli,b Tanzim Hasan Sakib,37,28,0,0,60.00
Rishabh Pant †,c Tanzim Hasan Sakib b Rishad Hossain,36,24,4,4,122.44
Suryakumar Yadav,c †Litton Das b Tanzim Hasan Sakib,6,2,6,0,106.25
Shivam Dube,b Rishad Hossain,34,24,0,0,66.66
Hardik Pandya,not out,50,27,0,1,144.44
Axar Patel,not out,3,5,0,0,40.00
Rohit Sharma (c),c Jaker Ali b Shakib Al Hasan,23,11,2,0,250.00
Virat Kohli,b Tanzim Hasan Sakib,37,28,0,0,0.00
Rishabh Pant †,c Tanzim Hasan Sakib b Rishad Hossain,36,24,0,0,100.00
Suryakumar Yadav,c †Litton Das b Tanzim Hasan Sakib,6,2,4,4,122.44
Shivam Dube,b Rishad Hossain,34,24,6,0,106.25
Hardik Pandya,not out,50,27,0,0,66.66
Axar Patel,not out,3,5,0,1,144.44
Total,20 Ov (RR: 9.80),196/5,,0,0,40.00
Rahmanullah Gurbaz †,c Warner b Stoinis,60,49,2,0,250.00
Ibrahim Zadran,c Marsh b Zampa,51,48,0,0,0.00
Azmatullah Omarzai,b Zampa,2,3,0,0,100.00
Karim Janat,c David b Cummins,13,9,2,0,92.30
Rashid Khan (c),c David b Cummins,2,5,0,1,160.00
Mohammad Nabi,not out,10,4,1,2,125.00
Gulbadin Naib,c Maxwell b Cummins,0,1,2,0,62.50
Nangeyalia Kharote,not out,1,1,0,1,103.57
Rahmanullah Gurbaz †,c Warner b Stoinis,60,49,0,0,66.66
Ibrahim Zadran,c Marsh b Zampa,51,48,2,1,123.52
Azmatullah Omarzai,b Zampa,2,3,0,0,-
Karim Janat,c David b Cummins,13,9,0,0,0.00
Rashid Khan (c),c David b Cummins,2,5,0,0,0.00
Mohammad Nabi,not out,10,4,0,0,0.00
Gulbadin Naib,c Maxwell b Cummins,0,1,2,0,92.30
Nangeyalia Kharote,not out,1,1,0,1,160.00
Total,20 Ov (RR: 7.40),148/6,,3,2,102.94
Steven Taylor,c Ali b Curran,12,13,0,0,0.00
Andries Gous †,c Salt b Topley,8,5,0,0,33.33
Nitish Kumar,b Rashid,30,24,3,2,123.80
Aaron Jones (c),b Rashid,10,16,0,0,50.00
Corey Anderson,c Brook b Jordan,29,28,0,0,0.00
Milind Kumar,c †Buttler b Livingstone,4,6,0,2,166.66
Harmeet Singh,c Jordan b Curran,21,17,1,0,54.54
Shadley van Schalkwyk,not out,0,0,0,1,157.14
Ali Khan,b Jordan,0,2,1,0,57.14
Nosthush Kenjige,lbw b Jordan,0,1,3,2,102.94
Saurabh Netravalkar,b Jordan,0,1,0,0,0.00
Steven Taylor,c Ali b Curran,12,13,0,0,33.33
Andries Gous †,c Salt b Topley,8,5,3,2,123.80
Kyle Mayers,c Stubbs b Shamsi,35,34,0,0,50.00
Shai Hope,c Stubbs b Jansen,0,1,0,0,0.00
Nicholas Pooran †,c Jansen b Markram,1,3,0,2,166.66
Roston Chase,c Rabada b Shamsi,52,42,1,0,54.54
Rovman Powell (c),st †de Kock b Maharaj,1,2,0,1,157.14
Sherfane Rutherford,c Markram b Shamsi,0,4,7,8,224.39
Andre Russell,run out (Nortje),15,9,0,0,0.00
Akeal Hosein,c & b Rabada,6,11,1,1,107.14
Alzarri Joseph,not out,11,7,3,2,193.75
Gudakesh Motie,not out,4,7,2,1,127.27
Kyle Mayers,c Stubbs b Shamsi,35,34,1,2,158.82
Shai Hope,c Stubbs b Jansen,0,1,0,1,180.00
Nicholas Pooran †,c Jansen b Markram,1,3,7,8,224.39
Roston Chase,c Rabada b Shamsi,52,42,0,0,0.00
Rovman Powell (c),st †de Kock b Maharaj,1,2,1,1,107.14
Sherfane Rutherford,c Markram b Shamsi,0,4,3,2,193.75
Andre Russell,run out (Nortje),15,9,2,1,127.27
Akeal Hosein,c & b Rabada,6,11,1,2,158.82
Alzarri Joseph,not out,11,7,0,1,180.00
Rohit Sharma (c),b Starc,92,41,3,1,78.18
Virat Kohli,c David b Hazlewood,0,5,1,0,62.06
Rishabh Pant †,c Hazlewood b Stoinis,15,14,0,0,83.33
Suryakumar Yadav,c †Wade b Starc,31,16,1,0,133.33
Shivam Dube,c Warner b Stoinis,28,22,0,0,20.00
Hardik Pandya,not out,27,17,1,0,116.66
Ravindra Jadeja,not out,9,5,0,3,190.00
Rohit Sharma (c),b Starc,92,41,3,1,78.18
Virat Kohli,c David b Hazlewood,0,5,1,0,62.06
Rishabh Pant †,c Hazlewood b Stoinis,15,14,0,0,83.33
Suryakumar Yadav,c †Wade b Starc,31,16,1,0,133.33
Shivam Dube,c Warner b Stoinis,28,22,0,0,20.00
Hardik Pandya,not out,27,17,1,0,116.66
Ravindra Jadeja,not out,9,5,0,3,190.00
Total,20 Ov (RR: 10.25),205/5,,0,0,0.00
Rahmanullah Gurbaz †,c Soumya Sarkar b Rishad Hossain,43,55,0,0,40.00
Ibrahim Zadran,c Tanzim Hasan Sakib b Rishad Hossain,18,29,2,0,112.50
Azmatullah Omarzai,c †Litton Das b Mustafizur Rahman,10,12,2,0,83.33
Gulbadin Naib,c Soumya Sarkar b Rishad Hossain,4,3,0,0,0.00
Mohammad Nabi,c Najmul Hossain Shanto b Taskin Ahmed,1,5,0,0,28.57
Karim Janat,not out,7,6,1,0,61.53
Rashid Khan (c),not out,19,10,2,0,100.00
Rahmanullah Gurbaz †,c Soumya Sarkar b Rishad Hossain,43,55,0,0,0.00
Ibrahim Zadran,c Tanzim Hasan Sakib b Rishad Hossain,18,29,0,0,25.00
Azmatullah Omarzai,c †Litton Das b Mustafizur Rahman,10,12,0,0,100.00
Gulbadin Naib,c Soumya Sarkar b Rishad Hossain,4,3,0,0,0.00
Mohammad Nabi,c Najmul Hossain Shanto b Taskin Ahmed,1,5,0,0,40.00
Karim Janat,not out,7,6,2,0,112.50
Rashid Khan (c),not out,19,10,6,2,146.15
Total,20 Ov (RR: 5.75),115/5,,0,1,100.00
Rahmanullah Gurbaz †,c Hendricks b Jansen,0,3,0,0,66.66
Ibrahim Zadran,b Rabada,2,5,4,2,130.55
Gulbadin Naib,b Jansen,9,8,1,2,176.92
Azmatullah Omarzai,c Stubbs b Nortje,10,12,2,0,188.88
Mohammad Nabi,b Rabada,0,3,0,0,0.00
Nangeyalia Kharote,c †de Kock b Jansen,2,7,0,1,166.66
Karim Janat,lbw b Shamsi,8,13,0,0,100.00
Rashid Khan (c),b Nortje,8,8,6,2,146.15
Noor Ahmad,lbw b Shamsi,0,2,0,1,100.00
Naveen-ul-Haq,lbw b Shamsi,2,8,0,0,66.66
Fazalhaq Farooqi,not out,2,2,4,2,130.55
Rahmanullah Gurbaz †,c Hendricks b Jansen,0,3,1,2,176.92
Ibrahim Zadran,b Rabada,2,5,2,0,188.88
Gulbadin Naib,b Jansen,9,8,0,0,0.00
Rohit Sharma (c),b Rashid,57,39,0,1,166.66
Virat Kohli,b Topley,9,9,0,0,100.00
Rishabh Pant †,c Bairstow b Curran,4,6,2,0,180.00
Suryakumar Yadav,c Jordan b Archer,47,36,6,2,128.81
Hardik Pandya,c Curran b Jordan,23,13,0,0,0.00
Ravindra Jadeja,not out,17,9,0,0,75.00
Shivam Dube,c †Buttler b Jordan,0,1,1,4,151.61
Axar Patel,c Salt b Jordan,10,6,3,1,168.75
Arshdeep Singh,not out,1,1,1,0,250.00
Rohit Sharma (c),b Rashid,57,39,0,0,100.00
Virat Kohli,b Topley,9,9,2,0,180.00
Rishabh Pant †,c Bairstow b Curran,4,6,6,2,128.81
Suryakumar Yadav,c Jordan b Archer,47,36,0,0,0.00
Hardik Pandya,c Curran b Jordan,23,13,0,0,75.00
Ravindra Jadeja,not out,17,9,1,4,151.61
Shivam Dube,c †Buttler b Jordan,0,1,3,1,168.75
Axar Patel,c Salt b Jordan,10,6,1,0,250.00
Arshdeep Singh,not out,1,1,0,0,100.00
Total,20 Ov (RR: 8.55),171/7,,,,
Rohit Sharma (c),c Klaasen b Maharaj,9,5,,,
Virat Kohli,c Rabada b Jansen,76,59,,,
Rishabh Pant †,c †de Kock b Maharaj,0,2,,,
Suryakumar Yadav,c Klaasen b Rabada,3,4,,,
Axar Patel,run out (†de Kock),47,31,,,
Shivam Dube,c Miller b Nortje,27,16,,,
Hardik Pandya,not out,5,2,,,
Ravindra Jadeja,c Maharaj b Nortje,2,2,,,
Rohit Sharma (c),c Klaasen b Maharaj,9,5,,,
Virat Kohli,c Rabada b Jansen,76,59,,,
Rishabh Pant †,c †de Kock b Maharaj,0,2,,,
Suryakumar Yadav,c Klaasen b Rabada,3,4,,,
Axar Patel,run out (†de Kock),47,31,,,
Shivam Dube,c Miller b Nortje,27,16,,,
Hardik Pandya,not out,5,2,,,
Ravindra Jadeja,c Maharaj b Nortje,2,2,,,
Total,20 Ov (RR: 8.80),176/7,,,,
